Alabama Crimson Tide,5,Collin Sexton\collin-sexton-1,2,FR,G,6-3,190,Mableton GA,Pebblebrook High School,19.2,3.8,3.6
Alabama Crimson Tide,5,John Petty\john-petty-2,23,FR,G,6-5,195,Huntsville AL,J.O. Johnson High School,10.2,2.6,1.8
Alabama Crimson Tide,5,Donta Hall\donta-hall-1,0,JR,F,6-9,224,Luverne AL,Luverne HS,10.6,6.6,0.6
Alabama Crimson Tide,5,Dazon Ingram\dazon-ingram-1,12,SO,G,6-5,205,Theodore AL,Theodore HS,9.7,5.7,2.6
Alabama Crimson Tide,5,Braxton Key\braxton-key-1,25,,F,6-8,220,Charlotte NC,Oak Hill Academy,7,5.3,1.8
Alabama Crimson Tide,5,Avery Johnson\avery-johnson-3,5,JR,G,5-11,182,Houston TX,Plano West,4.3,1.1,0.8
Alabama Crimson Tide,5,Herb Jones\herb-jones-3,10,FR,G,6-7,200,Greensboro AL,Hale County High School,4.2,3.5,1.4
Alabama Crimson Tide,5,Daniel Giddens\daniel-giddens-1,4,SO,F,6-10,228,Mableton GA,Oak Hill Academy,4.2,2.5,0.2
Alabama Crimson Tide,5,Alex Reese\alex-reese-1,3,FR,F,6-9,250,Pelham AL,Pelham High School,4,2.8,0.3
Alabama Crimson Tide,5,Galin Smith\galin-smith-1,30,FR,F,6-9,235,Clinton MS,Clinton High School,2.8,2,0.1
Alabama Crimson Tide,5,Riley Norris\riley-norris-1,1,SR,G,6-7,207,Albertville AL,Albertville HS,4.8,2.4,0.7
Alabama Crimson Tide,5,Lawson Schaffer\lawson-schaffer-1,24,JR,G,5-11,160,Cullman AL,Cullman HS,0.6,0,0.9
Alabama Crimson Tide,5,Landon Fuller\landon-fuller-1,33,SO,F,6-8,230,Brentwood TN,Brentwood Academy,1.5,0,0
Alabama Crimson Tide,5,Tyler Barnes\tyler-barnes-1,,,F,6-8,205,,St. Xavier High School,0,0,0
Alabama Crimson Tide,5,Ar'Mond Davis\armond-davis-1,22,,G,6-6,202,Tacoma WA,Henry Foss High School,,,
Alabama Crimson Tide,5,Tevin Mack\tevin-mack-1,11,,G,6-7,223,Columbia SC,Dreher HS,,,
Arkansas Razorbacks,14,Jaylen Barford\jaylen-barford-1,0,SR,G,6-3,202,Jackson TN,South Side High School,17.9,3.9,2.5
Arkansas Razorbacks,14,Daryl Macon\daryl-macon-1,4,SR,G,6-3,185,Little Rock AR,Parkview Arts and Science Magnet High School,16.8,2.9,3.9
Arkansas Razorbacks,14,Daniel Gafford\daniel-gafford-1,10,FR,F,6-11,234,El Dorado AR,El Dorado High School,11.8,6.2,0.7
Arkansas Razorbacks,14,Anton Beard\anton-beard-1,31,SR,G,6-0,195,North Little Rock AR,North Little Rock HS,9.5,2.6,3
Arkansas Razorbacks,14,C.J. Jones\cj-jones-3,23,SO,G,6-5,175,Birmingham AL,Central Park Christian High School,6.3,1.4,0.4
Arkansas Razorbacks,14,Darious Hall\darious-hall-1,20,FR,F,6-6,210,Little Rock AR,Mills High School,5.1,3.1,0.5
Arkansas Razorbacks,14,Dustin Thomas\dustin-thomas-1,13,SR,F,6-7,225,Texarkana TX,Pleasant Grove,5,4.1,1
Arkansas Razorbacks,14,Adrio Bailey\adrio-bailey-1,2,SO,F,6-6,204,Campti LA,Lakeview High School,4.1,2.5,0.5
Arkansas Razorbacks,14,Trey Thompson\trey-thompson-1,1,SR,F,6-9,270,Madison AR,Forrest City HS,3.3,3.9,1.5
Arkansas Razorbacks,14,Arlando Cook\arlando-cook-1,5,,F,6-8,215,St. Louis MO,College Preparatory High School at Madison,1.8,1.8,0.4
Arkansas Razorbacks,14,Gabe Osabuohien\gabe-osabuohien-1,22,FR,F,6-8,219,Canada,Southwest Christian Academy,1.1,1.4,0.4
Arkansas Razorbacks,14,Jonathan Holmes\jonathan-holmes-3,15,SO,G,5-10,190,Columbia IL,Antonian College Preparatory High School,1.4,0.3,0.1
Arkansas Razorbacks,14,Jt Plummer\jt-plummer-1,,,G,6-1,185,,TMI Episcopal,0,0,0
Arkansas Razorbacks,14,Khalil Garland\khalil-garland-1,3,,G,6-5,198,,,,,
Arkansas Razorbacks,14,Jalen Harris\jalen-harris-13,11,,G,6-2,164,Wilson NC,Word of God Christian Academy,,,
Auburn Tigers,18,Mustapha Heron\mustapha-heron-1,5,SO,G,6-5,215,Waterbury CT,Sacred Heart High School,16.4,5.3,0.9
Auburn Tigers,18,Bryce Brown\bryce-brown-1,2,JR,G,6-3,195,Stone Mountain GA,Tucker HS,15.9,2,1.7
Auburn Tigers,18,Jared Harper\jared-harper-12,1,SO,G,5-10,165,Mableton GA,Pebblebrook High School,13.2,2.4,5.4
Auburn Tigers,18,DeSean Murray\desean-murray-1,13,JR,F,6-5,210,Stanley NC,Northside Christian HS,10.1,6.7,1.7
Auburn Tigers,18,Chuma Okeke\chuma-okeke-1,4,FR,F,6-8,230,Atlanta GA,Westlake High School,7.5,5.8,1.1
Auburn Tigers,18,Anfernee McLemore\anfernee-mclemore-1,24,SO,F,6-7,210,Warwick GA,Worth County High School,7.4,5.3,0.5
Auburn Tigers,18,Malik Dunbar\malik-dunbar-1,14,JR,G,6-6,230,North Augusta SC,Spring Valley High School,5.4,2.4,0.2
Auburn Tigers,18,Horace Spencer\horace-spencer-1,0,JR,F,6-9,220,Philadelphia PA,Findlay College Prep,4.7,4.9,0.8
Auburn Tigers,18,Davion Mitchell\davion-mitchell-1,,FR,G,6-1,200,Hinesville GA,Liberty County High School,3.7,1.1,1.9
Auburn Tigers,18,Cole Blackstock\cole-blackstock-1,41,JR,F,6-9,253,Killen AL,Brooks HS,0.3,0.3,0
Auburn Tigers,18,Patrick Keim\patrick-keim-1,21,SR,G,6-2,186,Birmingham AL,Mountain Brook HS,0.3,0.2,0
Auburn Tigers,18,Thomas Collier\thomas-collier-1,,SO,F,6-9,215,Birmingham AL,Briarwood Christian High School,0.4,0.4,0
Auburn Tigers,18,Brett Easterling\brett-easterling-1,,FR,G,6-1,165,Tallahassee FL,Lawton Chiles High School,0.3,0.1,0
Auburn Tigers,18,Will Macoy\will-macoy-1,22,SO,G,6-4,180,Birmingham AL,Mountain Brook High School,0.2,0.3,0
Auburn Tigers,18,Devontae Williams\devontae-williams-1,12,SO,G,6-4,215,Opp AL,Opp High School,0.1,0.1,0.1
Auburn Tigers,18,Samir Doughty\samir-doughty-1,20,,G,6-4,187,Philadelphia PA,Math Civics & Sciences HS,,,
Auburn Tigers,18,Danjel Purifoy\danjel-purifoy-1,3,,F,6-7,230,Centreville AL,Hargrave Military Academy,,,
Auburn Tigers,18,Austin Wiley\austin-wiley-1,50,,C,6-11,260,,Spain Pain High School,,,
Florida Gators,88,Mustapha Heron\mustapha-heron-1,5,SO,G,6-5,215,Waterbury CT,Sacred Heart High School,16.4,5.3,0.9
Florida Gators,88,Bryce Brown\bryce-brown-1,2,JR,G,6-3,195,Stone Mountain GA,Tucker HS,15.9,2,1.7
Florida Gators,88,Jared Harper\jared-harper-12,1,SO,G,5-10,165,Mableton GA,Pebblebrook High School,13.2,2.4,5.4
Florida Gators,88,DeSean Murray\desean-murray-1,13,JR,F,6-5,210,Stanley NC,Northside Christian HS,10.1,6.7,1.7
Florida Gators,88,Chuma Okeke\chuma-okeke-1,4,FR,F,6-8,230,Atlanta GA,Westlake High School,7.5,5.8,1.1
Florida Gators,88,Anfernee McLemore\anfernee-mclemore-1,24,SO,F,6-7,210,Warwick GA,Worth County High School,7.4,5.3,0.5
Florida Gators,88,Malik Dunbar\malik-dunbar-1,14,JR,G,6-6,230,North Augusta SC,Spring Valley High School,5.4,2.4,0.2
Florida Gators,88,Horace Spencer\horace-spencer-1,0,JR,F,6-9,220,Philadelphia PA,Findlay College Prep,4.7,4.9,0.8
Florida Gators,88,Davion Mitchell\davion-mitchell-1,,FR,G,6-1,200,Hinesville GA,Liberty County High School,3.7,1.1,1.9
Florida Gators,88,Cole Blackstock\cole-blackstock-1,41,JR,F,6-9,253,Killen AL,Brooks HS,0.3,0.3,0
Florida Gators,88,Patrick Keim\patrick-keim-1,21,SR,G,6-2,186,Birmingham AL,Mountain Brook HS,0.3,0.2,0
Florida Gators,88,Thomas Collier\thomas-collier-1,,SO,F,6-9,215,Birmingham AL,Briarwood Christian High School,0.4,0.4,0
Florida Gators,88,Brett Easterling\brett-easterling-1,,FR,G,6-1,165,Tallahassee FL,Lawton Chiles High School,0.3,0.1,0
Florida Gators,88,Will Macoy\will-macoy-1,22,SO,G,6-4,180,Birmingham AL,Mountain Brook High School,0.2,0.3,0
Florida Gators,88,Devontae Williams\devontae-williams-1,12,SO,G,6-4,215,Opp AL,Opp High School,0.1,0.1,0.1
Florida Gators,88,Samir Doughty\samir-doughty-1,20,,G,6-4,187,Philadelphia PA,Math Civics & Sciences HS,,,
Florida Gators,88,Danjel Purifoy\danjel-purifoy-1,3,,F,6-7,230,Centreville AL,Hargrave Military Academy,,,
Florida Gators,88,Austin Wiley\austin-wiley-1,50,,C,6-11,260,,Spain Pain High School,,,
Georgia Bulldogs,100,Yante Maten\yante-maten-1,1,SR,F,6-8,240,Pontiac MI,Bloomfield Hills HS,19.3,8.6,1.5
Georgia Bulldogs,100,William Jackson II\william-jacksonii-1,0,JR,G,6-2,185,Athens GA,Athens Christian,8.4,2.2,3.5
Georgia Bulldogs,100,Juwan Parker\juwan-parker-1,3,SR,G,6-4,200,Tulsa OK,Booker T. Washington HS,8.3,3.7,1.2
Georgia Bulldogs,100,Derek Ogbeide\derek-ogbeide-1,34,JR,F,6-8,240,Atlanta GA,Pebblebrook HS,6.9,6.2,0.7
Georgia Bulldogs,100,Rayshaun Hammonds\rayshaun-hammonds-1,20,FR,F,6-8,227,Norcross GA,Norcross High School,6.7,4.9,1.4
Georgia Bulldogs,100,Tyree Crump\tyree-crump-1,4,SO,G,6-1,180,Bainbridge GA,Bainbridge High School,6.5,1.2,1.3
Georgia Bulldogs,100,Nicolas Claxton\nicolas-claxton-1,33,FR,F,6-11,215,Greenville SC,Legacy Charter School,3.9,3.9,0.2
Georgia Bulldogs,100,TeShaun Hightower\teshaun-hightower-1,10,FR,G,6-4,180,Lithonia GA,Mt. Zion,3.6,1.4,1.3
Georgia Bulldogs,100,Jordan Harris\jordan-harris-4,2,SO,G,6-4,185,Iron City GA,Seminole County middle-High School,3.5,2.1,0.8
Georgia Bulldogs,100,Mike Edwards\mike-edwards-2,32,JR,F,6-9,225,Westland MI,John Glenn HS,1.8,1.8,0.2
Georgia Bulldogs,100,E'Torrion Wilridge\etorrion-wilridge-1,13,,F,6-6,215,Beaumont TX,Beaumont Central High School,1.1,1.1,0.8
Georgia Bulldogs,100,Pape Diatta\pape-diatta-1,5,SR,F,6-7,220,Senegal,The Rock High School,1.2,1.2,0.3
Georgia Bulldogs,100,Isaac Kante\isaac-kante-1,30,FR,F,6-7,236,Brooklyn NY,Putnam Science Academy,1,0.4,0
Georgia Bulldogs,100,Connor O'Neill\connor-oneill-1,24,,F,6-6,220,Roswell GA,Tilton School,0.3,1.3,0
Kentucky Wildcats,138,Yante Maten\yante-maten-1,1,SR,F,6-8,240,Pontiac MI,Bloomfield Hills HS,19.3,8.6,1.5
Kentucky Wildcats,138,William Jackson II\william-jacksonii-1,0,JR,G,6-2,185,Athens GA,Athens Christian,8.4,2.2,3.5
Kentucky Wildcats,138,Juwan Parker\juwan-parker-1,3,SR,G,6-4,200,Tulsa OK,Booker T. Washington HS,8.3,3.7,1.2
Kentucky Wildcats,138,Derek Ogbeide\derek-ogbeide-1,34,JR,F,6-8,240,Atlanta GA,Pebblebrook HS,6.9,6.2,0.7
Kentucky Wildcats,138,Rayshaun Hammonds\rayshaun-hammonds-1,20,FR,F,6-8,227,Norcross GA,Norcross High School,6.7,4.9,1.4
Kentucky Wildcats,138,Tyree Crump\tyree-crump-1,4,SO,G,6-1,180,Bainbridge GA,Bainbridge High School,6.5,1.2,1.3
Kentucky Wildcats,138,Nicolas Claxton\nicolas-claxton-1,33,FR,F,6-11,215,Greenville SC,Legacy Charter School,3.9,3.9,0.2
Kentucky Wildcats,138,TeShaun Hightower\teshaun-hightower-1,10,FR,G,6-4,180,Lithonia GA,Mt. Zion,3.6,1.4,1.3
Kentucky Wildcats,138,Jordan Harris\jordan-harris-4,2,SO,G,6-4,185,Iron City GA,Seminole County middle-High School,3.5,2.1,0.8
Kentucky Wildcats,138,Mike Edwards\mike-edwards-2,32,JR,F,6-9,225,Westland MI,John Glenn HS,1.8,1.8,0.2
Kentucky Wildcats,138,E'Torrion Wilridge\etorrion-wilridge-1,13,,F,6-6,215,Beaumont TX,Beaumont Central High School,1.1,1.1,0.8
Kentucky Wildcats,138,Pape Diatta\pape-diatta-1,5,SR,F,6-7,220,Senegal,The Rock High School,1.2,1.2,0.3
Kentucky Wildcats,138,Isaac Kante\isaac-kante-1,30,FR,F,6-7,236,Brooklyn NY,Putnam Science Academy,1,0.4,0
Kentucky Wildcats,138,Connor O'Neill\connor-oneill-1,24,,F,6-6,220,Roswell GA,Tilton School,0.3,1.3,0
Kentucky Wildcats,138,Christian Harrison\christian-harrison-1,11,JR,G,6-5,180,Atlanta GA,Woodward Academy,0,0.5,0
Louisiana State Fighting Tigers,150,Tremont Waters\tremont-waters-1,3,FR,G,5-11,167,New Haven CT,Notre Dame High School,15.9,3.4,6
Louisiana State Fighting Tigers,150,Duop Reath\duop-reath-1,1,SR,F,6-10,235,Perth WA,Lee College,12.5,5.3,0.7
Louisiana State Fighting Tigers,150,Skylar Mays\skylar-mays-1,4,SO,G,6-4,205,Baton Rouge LA,Louisiana State University Laboratory School,11.3,4,2.9
Louisiana State Fighting Tigers,150,Aaron Epps\aaron-epps-1,21,SR,F,6-9,203,Ball LA,Tioga HS,9.5,5.5,0.4
Louisiana State Fighting Tigers,150,Daryl Edwards\daryl-edwards-1,5,JR,G,6-3,165,FRESNO CA,Fresno Central High School,6.8,1.7,1.3
Louisiana State Fighting Tigers,150,Brandon Sampson\brandon-sampson-1,0,JR,G,6-5,175,Baton Rouge LA,Madison Prep HS,7.7,2.6,0.8
Louisiana State Fighting Tigers,150,Wayde Sims\wayde-sims-1,44,SO,F,6-6,222,Baton Rouge LA,Louisiana State University Laboratory School,5.6,2.9,0.4
Louisiana State Fighting Tigers,150,Randy Onwuasor\randy-onwuasor-1,14,SR,G,6-3,190,Inglewood CA,Inglewood,4.6,2.1,0.8
Louisiana State Fighting Tigers,150,Brandon Rachal\brandon-rachal-1,2,FR,G,6-5,215,Natchitoches LA,Natchitoches Central High School,4.4,3.3,0.7
Louisiana State Fighting Tigers,150,Jeremy Combs\jeremy-combs-1,13,SR,F,6-7,182,Dallas TX,Carter HS,3,2,0.7
Louisiana State Fighting Tigers,150,Marshall Graves\marshall-graves-1,12,SO,G,6-3,190,Ponchatoula LA,Louisiana State University Laboratory School,1.3,0.4,0.6
Louisiana State Fighting Tigers,150,Galen Alexander\galen-alexander-1,10,FR,F,6-6,210,Breaux Bridge LA,Lafayette Christian Academy,1.9,2.1,0.1
Louisiana State Fighting Tigers,150,Mayan Kiir\mayan-kiir-1,35,FR,F,6-9,201,Bradenton FL,Victory Rock Prep,1.9,2,0.3
Louisiana State Fighting Tigers,150,Reed Vial\reed-vial-1,15,JR,G,6-3,190,Baton Rouge LA,Parkview Baptist High School,0.5,0.2,0
Louisiana State Fighting Tigers,150,Kavell Bigby-Williams\kavell-bigby-williams-1,11,,F,6-11,230,,Harris Academy Beckenham,,,
Mississippi Rebels,177,Terence Davis\terence-davis-1,3,JR,G,6-4,190,Southaven MS,Southaven HS,13.8,6.2,2.1
Mississippi Rebels,177,Deandre Burnett\deandre-burnett-1,1,SR,G,6-2,195,Miami Gardens FL,Carol City,13.5,2,3.9
Mississippi Rebels,177,Breein Tyree\breein-tyree-1,4,SO,G,6-2,190,Somerset NJ,St. Joseph High School,10.8,2.2,2.8
Mississippi Rebels,177,Bruce Stevens\bruce-stevens-1,12,JR,F,6-8,252,Louin MS,Bay Springs High School,10.8,5.3,1.2
Mississippi Rebels,177,Markel Crawford\markel-crawford-1,5,SR,G,6-4,197,Memphis TN,Melrose HS,9.2,4,2.1
Mississippi Rebels,177,Devontae Shuler\devontae-shuler-1,0,FR,G,6-2,192,Irmo SC,Oak Hill Academy,6,2.7,1.1
Mississippi Rebels,177,Marcanvis Hymon\marcanvis-hymon-1,2,SR,F,6-6,207,Memphis TN,Whitehaven HS,4.4,5,0.8
Mississippi Rebels,177,Dominik Olejniczak\dominik-olejniczak-1,13,SO,C,7-0,249,Poland,SMS Cetniewo Sports Academy,4.3,2.6,0.4
Mississippi Rebels,177,Justas Furmanavicius\justas-furmanavicius-1,50,SR,F,6-6,200,Lithuania,Three Rivers Community College (JC),3.2,3,0.4
Mississippi Rebels,177,D.C. Davis\dc-davis-1,20,,G,5-11,175,,Purvis High School,1,0.2,0.2
Mississippi Rebels,177,Lane Below\lane-below-1,24,,G,6-1,190,Advance MO,Advance High School,0,0,0
Mississippi Rebels,177,Eric Horn\eric-horn-2,11,,F,6-7,185,,Leigh High School,0,1,0
Mississippi Rebels,177,Antonio Morgano\antonio-morgano-1,10,,G,5-10,165,,Morgantown High School,0,0,0
Mississippi Rebels,177,Ilya Tyrtyshnik\ilya-tyrtyshnik-1,34,FR,G,6-3,185,,Get Better Academy,0,0.7,0
Mississippi Rebels,177,Karlis Silins\karlis-silins-1,22,,F,6-11,245,Latvia,WEF Skola,,,
Mississippi State Bulldogs,178,Quinndary Weatherspoon\quinndary-weatherspoon-1,11,JR,G,6-4,190,Canton MS,Velma Jackson HS,14.4,6,3.3
Mississippi State Bulldogs,178,Aric Holman\aric-holman-1,35,JR,F,6-10,195,Owensboro KY,Owensboro HS,10.9,6.7,0.8
Mississippi State Bulldogs,178,Nick Weatherspoon\nick-weatherspoon-2,0,FR,G,6-2,195,Canton MS,Velma Jackson Magnet High School,10.8,2.9,2.1
Mississippi State Bulldogs,178,Tyson Carter\tyson-carter-1,23,SO,G,6-4,167,Starkville MS,Starkville High School,8.9,1.8,1.2
Mississippi State Bulldogs,178,Lamar Peters\lamar-peters-1,1,SO,G,6-0,188,New Orleans LA,L.B. Landry High School,9.6,2.2,4.5
Mississippi State Bulldogs,178,Abdul Ado\abdul-ado-1,24,FR,F,6-11,246,Chattanooga TN,Hamilton Heights Christian Academy,7.8,6.4,0.4
Mississippi State Bulldogs,178,Xavian Stapleton\xavian-stapleton-1,3,JR,G,6-6,190,Flora MS,Madison Central,6.4,2.6,0.5
Mississippi State Bulldogs,178,Eli Wright\eli-wright-1,2,SO,G,6-4,203,Owensboro KY,Apollo High School,3,2.2,0.9
Mississippi State Bulldogs,178,E.J. Datcher\ej-datcher-1,45,SO,C,6-9,240,Vincent AL,Vincent High School,2.2,1.7,0.1
Mississippi State Bulldogs,178,KeyShawn Feazell\keyshawn-feazell-1,22,FR,F,6-8,230,Newhebron MS,Lawrence County High School,1.4,1.3,0
Mississippi State Bulldogs,178,Nick Singleton\nick-singleton-1,13,JR,G,6-5,195,Decatur GA,Columbia High School,2.4,0.6,0.1
Mississippi State Bulldogs,178,Schnider Herard\schnider-herard-1,34,SO,C,6-10,250,Plano TX,Prestonwood Christian Academy,1,2.1,0
Mississippi State Bulldogs,178,Drew Davis\drew-davis-2,12,SR,G,5-10,172,Atlanta GA,Fort Walton Beach High School,0.4,0.3,0.3
Mississippi State Bulldogs,178,T.J. Gray\tj-gray-2,15,SO,G,5-9,160,Columbus MS,Columbus High School,0.6,0.2,0
Mississippi State Bulldogs,178,Tate Clayton\tate-clayton-1,10,FR,G,6-2,170,Tupelo MS,Tupelo High School,0,0,0
Mississippi State Bulldogs,178,Mitchell Storm\mitchell-storm-1,5,SO,F,6-7,202,Madison MS,Madison Central High School,0,0.8,0
Missouri Tigers,181,Kassius Robertson\kassius-robertson-1,3,SR,G,6-3,169,Canada,Thornlea Secondary School,16.3,3,2.3
Missouri Tigers,181,Jordan Barnett\jordan-barnett-1,21,SR,F,6-6,205,St. Louis MO,Christian Brothers College HS,13.7,5.9,1.1
Missouri Tigers,181,Jontay Porter\jontay-porter-1,11,FR,F,6-11,240,Columbia MO,Nathan Hale High School,9.9,6.8,2.2
Missouri Tigers,181,Kevin Puryear\kevin-puryear-1,24,JR,F,6-7,215,Blue Springs MO,South HS,8.6,4.3,0.8
Missouri Tigers,181,Jeremiah Tilmon\jeremiah-tilmon-1,23,FR,F,6-10,252,East Saint Louis IL,La Lumiere School,8.2,4.2,0.5
Missouri Tigers,181,Jordan Geist\jordan-geist-1,15,JR,G,6-2,180,Fort Wayne IN,Homestead High School,7.3,3.8,2.9
Missouri Tigers,181,Reed Nikko\reed-nikko-1,14,SO,F,6-10,250,Maple Grove MN,Maple Grove Senior High School,2.3,2,0.2
Missouri Tigers,181,Cullen VanLeer\cullen-vanleer-1,33,JR,G,6-4,195,Pacific MO,Pacific HS,2.4,1.4,1
Missouri Tigers,181,Blake Harris\blake-harris-1,55,FR,G,6-3,195,Chapel Hill NC,Word of God Christian Academy,3.8,2.4,3.1
Missouri Tigers,181,Terrence Phillips\terrence-phillips-1,1,JR,G,5-11,170,Orange County CA,Oak Hill (VA),2.5,1.5,1.9
Missouri Tigers,181,Michael Porter Jr.\michael-porterjr-1,13,FR,F,6-10,215,Columbia MO,Nathan Hale High School,10,6.7,0.3
Missouri Tigers,181,Brett Rau\brett-rau-1,10,SR,G,6-4,170,Burlington IL,Burlington Central High School,0.9,0.3,0.2
Missouri Tigers,181,Adam Wolf\adam-wolf-1,32,JR,F,6-7,210,Beaver Dam WI,Beaver Dam HS,2.3,0,0
Missouri Tigers,181,Mitchell Smith\mitchell-smith-1,5,,F,6-10,215,Van Buren AR,Van Buren High School,,,
Missouri Tigers,181,Ronnie Suggs\ronnie-suggs-1,2,,G,6-6,190,Washington MO,Vermont Academy,,,
South Carolina Gamecocks,270,Quinndary Weatherspoon\quinndary-weatherspoon-1,11,JR,G,6-4,190,Canton MS,Velma Jackson HS,14.4,6,3.3
South Carolina Gamecocks,270,Aric Holman\aric-holman-1,35,JR,F,6-10,195,Owensboro KY,Owensboro HS,10.9,6.7,0.8
South Carolina Gamecocks,270,Nick Weatherspoon\nick-weatherspoon-2,0,FR,G,6-2,195,Canton MS,Velma Jackson Magnet High School,10.8,2.9,2.1
South Carolina Gamecocks,270,Tyson Carter\tyson-carter-1,23,SO,G,6-4,167,Starkville MS,Starkville High School,8.9,1.8,1.2
South Carolina Gamecocks,270,Lamar Peters\lamar-peters-1,1,SO,G,6-0,188,New Orleans LA,L.B. Landry High School,9.6,2.2,4.5
South Carolina Gamecocks,270,Abdul Ado\abdul-ado-1,24,FR,F,6-11,246,Chattanooga TN,Hamilton Heights Christian Academy,7.8,6.4,0.4
South Carolina Gamecocks,270,Xavian Stapleton\xavian-stapleton-1,3,JR,G,6-6,190,Flora MS,Madison Central,6.4,2.6,0.5
South Carolina Gamecocks,270,Eli Wright\eli-wright-1,2,SO,G,6-4,203,Owensboro KY,Apollo High School,3,2.2,0.9
South Carolina Gamecocks,270,E.J. Datcher\ej-datcher-1,45,SO,C,6-9,240,Vincent AL,Vincent High School,2.2,1.7,0.1
South Carolina Gamecocks,270,KeyShawn Feazell\keyshawn-feazell-1,22,FR,F,6-8,230,Newhebron MS,Lawrence County High School,1.4,1.3,0
South Carolina Gamecocks,270,Nick Singleton\nick-singleton-1,13,JR,G,6-5,195,Decatur GA,Columbia High School,2.4,0.6,0.1
South Carolina Gamecocks,270,Schnider Herard\schnider-herard-1,34,SO,C,6-10,250,Plano TX,Prestonwood Christian Academy,1,2.1,0
South Carolina Gamecocks,270,Drew Davis\drew-davis-2,12,SR,G,5-10,172,Atlanta GA,Fort Walton Beach High School,0.4,0.3,0.3
South Carolina Gamecocks,270,T.J. Gray\tj-gray-2,15,SO,G,5-9,160,Columbus MS,Columbus High School,0.6,0.2,0
South Carolina Gamecocks,270,Tate Clayton\tate-clayton-1,10,FR,G,6-2,170,Tupelo MS,Tupelo High School,0,0,0
South Carolina Gamecocks,270,Mitchell Storm\mitchell-storm-1,5,SO,F,6-7,202,Madison MS,Madison Central High School,0,0.8,0
Tennessee Volunteers,296,Grant Williams\grant-williams-1,2,SO,F,6-5,234,Charlotte NC,Providence Day School,15.2,6,1.9
Tennessee Volunteers,296,Admiral Schofield\admiral-schofield-1,5,JR,F,6-5,240,Zion IL,Zion-Benton TownshiP HS,13.9,6.4,1.5
Tennessee Volunteers,296,Lamonte Turner\lamonte-turner-1,1,SO,G,6-1,190,Florence AL,Arlington Country Day School,10.9,3.2,2.2
Tennessee Volunteers,296,Jordan Bowden\jordan-bowden-1,23,SO,G,6-3,180,Knoxville TN,22f Basketball Academy,9.1,3.6,1.9
Tennessee Volunteers,296,Jordan Bone\jordan-bone-1,0,SO,G,6-1,173,Nashville TN,The Ensworth School,7.3,2.1,3.5
Tennessee Volunteers,296,James Daniel\james-daniel-1,3,SR,G,5-10,165,Hampton VA,Phoebus HS,5.6,1.4,2.8
Tennessee Volunteers,296,Kyle Alexander\kyle-alexander-1,11,JR,F,6-9,215,Canada,ACTS Athlete Institute,5.6,5.6,0.3
Tennessee Volunteers,296,Derrick Walker\derrick-walker-1,15,FR,F,6-8,238,Kansas City MO,Raytown Senior High School,1.9,2.2,0.3
Tennessee Volunteers,296,Chris Darrington\chris-darrington-1,32,JR,G,6-1,179,Toledo OH,Scott High School,2.6,0.6,0.8
Tennessee Volunteers,296,John Fulkerson\john-fulkerson-1,10,FR,F,6-7,203,Kingsport TN,Briarcrest Christian School,1.7,1.6,0.5
Tennessee Volunteers,296,Yves Pons\yves-pons-1,35,FR,F,6-5,203,France,INSEP Academy,0.7,0.6,0.2
Tennessee Volunteers,296,Jalen Johnson\jalen-johnson-1,13,FR,G,6-5,177,Durham NC,Wesleyan Christian Academy,1.2,0.8,0.4
Tennessee Volunteers,296,Zach Kent\zach-kent-1,33,FR,F,6-10,224,Magnolia DE,Blair Academy,2,1.5,0
Tennessee Volunteers,296,Lucas Campbell\lucas-campbell-1,24,JR,G,6-3,180,Knoxville TN,Christian Academy of Knoxville,1.5,0.5,1
Tennessee Volunteers,296,Jacob Fleschman\jacob-fleschman-1,4,FR,G,6-1,160,Austin TX,Westlake High School,0,0,0
Tennessee Volunteers,296,Brad Woodson\brad-woodson-1,12,JR,G,6-1,180,Murfreesboro TN,Riverdale HS,0,0,0
Texas A&M Aggies,298,Tyler Davis\tyler-davis-5,34,JR,C,6-10,265,Plano TX,Plano West HS,14.9,8.9,1.3
Texas A&M Aggies,298,Admon Gilder\admon-gilder-1,3,JR,G,6-3,186,Dallas TX,Madison HS,12.3,4.1,2.6
Texas A&M Aggies,298,DJ Hogg\dj-hogg-1,1,JR,F,6-8,216,Plano TX,Plano West HS,11.1,5.3,2.6
Texas A&M Aggies,298,TJ Starks\tj-starks-1,2,FR,G,6-2,196,Lancaster TX,Lancaster High School,9.9,2,2.3
Texas A&M Aggies,298,Robert Williams\robert-williams-3,44,SO,F,6-9,237,Vivian LA,North Caddo Magnet High School,10.4,9.2,1.4
Texas A&M Aggies,298,Tonny Trocha-Morelos\tonny-trocha-morelos-1,10,SR,C,6-10,221,Colombia,Mayor Jose Celestino Mutis,6.7,4.3,1.1
Texas A&M Aggies,298,Duane Wilson\duane-wilson-1,13,SR,G,6-2,185,Milwaukee WI,Dominican HS,9,2,4
Texas A&M Aggies,298,Jay Jay Chandler\jayjay-chandler-1,0,FR,G,6-4,180,Katy TX,Cinco Ranch High School,3.7,1.2,0.7
Texas A&M Aggies,298,Savion Flagg\savion-flagg-1,5,FR,G,6-7,217,Alvin TX,Alvin High School,4.1,3.4,0.7
Texas A&M Aggies,298,JJ Caldwell\jj-caldwell-1,4,,G,6-1,184,Houston TX,Cypress Woods High School,2.9,1.9,2.6
Texas A&M Aggies,298,Chris Collins\chris-collins-4,12,JR,G,6-2,180,Friendswood TX,Friendswood HS,1.5,1,0.1
Texas A&M Aggies,298,Isiah Jasey\isiah-jasey-1,15,FR,F,6-10,248,Killeen TX,Sunrise Christian Academy,0.4,0.5,0
Texas A&M Aggies,298,Cameron Alo\cameron-alo-1,33,,G,5-9,167,,St. Thomas High School,0,0,0.5
Texas A&M Aggies,298,Frank Byers\frank-byers-1,22,JR,G,5-10,168,Dallas TX,South Oak Cliff HS,0,0.3,0
Texas A&M Aggies,298,Mark French\mark-french-1,11,SO,G,5-8,150,Plano TX,Prestonwood Christian Academy,0,0,0
Texas A&M Aggies,298,Josh Nebo\josh-nebo-1,32,,F,6-9,242,Houston TX,Cypress Lakes HS,,,
Texas A&M Aggies,298,John Walker III\john-walkeriii-1,24,,F,6-9,170,,,,,
Vanderbilt Commodores,324,Jeff Roberson\jeff-roberson-1,11,SR,F,6-6,206,Houston TX,The Kinkaid School,16.9,7.1,1.5
Vanderbilt Commodores,324,Riley LaChance\riley-lachance-1,13,SR,G,6-2,194,Brookfield WI,Brookfield Central HS,14.1,3.2,3.2
Vanderbilt Commodores,324,Saben Lee\saben-lee-1,0,FR,G,6-2,174,Phoenix AZ,Corona del Sol High School,10.6,3,3.1
Vanderbilt Commodores,324,Matthew Fisher-Davis\matthew-fisher-davis-1,5,SR,G,6-5,173,Charlotte NC,Butler HS,11.2,4.8,1.2
Vanderbilt Commodores,324,Joe Toye\joe-toye-1,2,JR,G,6-7,201,Chicago IL,Whitney Young HS,5.7,2,0.8
Vanderbilt Commodores,324,Payton Willis\payton-willis-1,1,SO,G,6-4,182,Fayetteville AR,Fayetteville High School,5.1,1.9,1.4
Vanderbilt Commodores,324,Clevon Brown\clevon-brown-1,15,SO,F,6-8,219,San Antonio TX,Winston Churchill High School,3.9,3.1,0.2
Vanderbilt Commodores,324,Maxwell Evans\maxwell-evans-1,10,FR,G,6-2,186,Houston TX,Bellaire High School,3.9,1.9,0.5
Vanderbilt Commodores,324,Djery Baptiste\djery-baptiste-1,12,SO,C,6-10,235,Haiti,Prestonwood Christian HS,3.1,3.6,0.2
Vanderbilt Commodores,324,Ejike Obinna\ejike-obinna-1,50,FR,F,6-10,234,Nigeria,Virginia Academy,2.7,2.1,0
Vanderbilt Commodores,324,Larry Austin\larry-austin-1,3,JR,G,6-2,174,Springfield IL,Lanphier HS,2.5,1.4,1
Vanderbilt Commodores,324,Isaiah Rice\isaiah-rice-1,14,,G,5-11,189,,Park Tudor School,0.5,0,0
Vanderbilt Commodores,324,Matt Ryan\matt-ryan-1,32,,F,6-8,209,Cortlandt Manor NY,Iona Prep (NY),,,
Vanderbilt Commodores,324,Yanni Wetzell\yanni-wetzell-1,4,,F,6-10,235,,,,,
